{
  "engine": "OTTO.FM",
  "name": "Braambr",
  "props": {
    "props": {
      "algorithm_idx": 4,
      "cur_op": 3,
      "envelope": {
        "attack": 0.0,
        "decay": 0.0,
        "release": 0.20000000298023224,
        "sustain": 1.0
      },
      "fm_amount": 1.0,
      "operators": [
        {
          "attack": 0.5299997925758362,
          "decay_release": 0.5,
          "detune": 0.0,
          "feedback": 0.3299999535083771,
          "out_level": 1.0,
          "ratio_idx": 0,
          "suspos": 0.5
        },
        {
          "attack": 0.5099998116493225,
          "decay_release": 0.5,
          "detune": 0.059999994933605194,
          "feedback": 0.3099999725818634,
          "out_level": 1.0,
          "ratio_idx": 19,
          "suspos": 0.5
        },
        {
          "attack": 0.20000000298023224,
          "decay_release": 0.5,
          "detune": 0.0,
          "feedback": 0.0,
          "out_level": 1.0,
          "ratio_idx": 0,
          "suspos": 0.5
        },
        {
          "attack": 0.20000000298023224,
          "decay_release": 0.5,
          "detune": 0.0,
          "feedback": 0.0,
          "out_level": 1.0,
          "ratio_idx": 6,
          "suspos": 0.5
        }
      ],
      "settings": {
        "detune": 0.0,
        "interval": 0,
        "legato": false,
        "play_mode": "mono",
        "portamento": 0.34999993443489075,
        "rand": 0.0,
        "retrig": false,
        "sub": 0.45999982953071594
      }
    }
  }
}
