{
  "engine": "OTTO.FM",
  "name": "Preset1",
  "props": {
    "algN": 6,
    "fmAmount": 0.9300000667572021,
    "operators": [
      {
        "detune": 0.04999999701976776,
        "feedback": 0.0,
        "mAtt": 0.20000000298023224,
        "mDecrel": 0.5,
        "mSuspos": 0.5,
        "outLev": 1.0,
        "ratio_idx": 19
      },
      {
        "detune": 0.0,
        "feedback": 0.0,
        "mAtt": 0.20000000298023224,
        "mDecrel": 0.5,
        "mSuspos": 0.5,
        "outLev": 1.0,
        "ratio_idx": 0
      },
      {
        "detune": 0.0,
        "feedback": 0.0,
        "mAtt": 0.20000000298023224,
        "mDecrel": 0.5,
        "mSuspos": 0.5,
        "outLev": 1.0,
        "ratio_idx": 0
      },
      {
        "detune": 0.0,
        "feedback": 0.0,
        "mAtt": 0.20000000298023224,
        "mDecrel": 0.5,
        "mSuspos": 0.5,
        "outLev": 0.9900000095367432,
        "ratio_idx": 6
      }
    ]
  }
}
