{
  "engine": "Tsar",
  "name": "Preset6",
  "props": {
    "Filter": 1.0,
    "Relation": 1.0,
    "Sub": 0.710000276565552,
    "Wave": 0.910602867603302,
    "envelope": {
      "Attack": 7.94000005722046,
      "Decay": 0.819999754428864,
      "Release": 0.779999852180481,
      "Sustain": 0.680000305175781
    },
    "voice_settings": {
      "Octave": 2,
      "Play Mode": 2,
      "Portamento": 0.0,
      "Transpose": 0
    }
  }
}
