{
  "Engines": {
    "Drums": {
      "Drum Sampler": {
      "Voice 0": {
        "in": 0,
        "mode": 2,
        "out": 8344,
        "pitch": 0.0
      },
      "Voice 1": {
        "in": 8445,
        "mode": 0,
        "out": 19277,
        "pitch": 1.08333361148834
      },
      "Voice 10": {
        "in": 155646,
        "mode": 0,
        "out": 164444,
        "pitch": 0.0
      },
      "Voice 11": {
        "in": 164444,
        "mode": 0,
        "out": 172699,
        "pitch": 0.0
      },
      "Voice 12": {
        "in": 172699,
        "mode": 0,
        "out": 178249,
        "pitch": 0.0
      },
      "Voice 13": {
        "in": 181049,
        "mode": 0,
        "out": 189671,
        "pitch": 0.0
      },
      "Voice 14": {
        "in": 189671,
        "mode": 0,
        "out": 211572,
        "pitch": 0.0
      },
      "Voice 15": {
        "in": 211672,
        "mode": 0,
        "out": 220876,
        "pitch": 0.250000268220901
      },
      "Voice 16": {
        "in": 221276,
        "mode": 0,
        "out": 286304,
        "pitch": 0.0
      },
      "Voice 17": {
        "in": 285804,
        "mode": 0,
        "out": 378350,
        "pitch": 0.0
      },
      "Voice 18": {
        "in": 379150,
        "mode": 0,
        "out": 405221,
        "pitch": 0.0
      },
      "Voice 19": {
        "in": 405221,
        "mode": 0,
        "out": 497412,
        "pitch": 0.0
      },
      "Voice 2": {
        "in": 20077,
        "mode": 0,
        "out": 28580,
        "pitch": 0.0
      },
      "Voice 20": {
        "in": 405221,
        "mode": 0,
        "out": 497412,
        "pitch": 0.0
      },
      "Voice 21": {
        "in": 405221,
        "mode": 0,
        "out": 497412,
        "pitch": 0.0
      },
      "Voice 22": {
        "in": 405221,
        "mode": 0,
        "out": 497412,
        "pitch": 0.0
      },
      "Voice 23": {
        "in": 405221,
        "mode": 0,
        "out": 497412,
        "pitch": 0.0
      },
      "Voice 3": {
        "in": 28688,
        "mode": 0,
        "out": 40562,
        "pitch": -0.99999988079071
      },
      "Voice 4": {
        "in": 40862,
        "mode": 0,
        "out": 71730,
        "pitch": 0.0
      },
      "Voice 5": {
        "in": 71730,
        "mode": 0,
        "out": 101962,
        "pitch": 0.0
      },
      "Voice 6": {
        "in": 101962,
        "mode": 0,
        "out": 113494,
        "pitch": 0.0
      },
      "Voice 7": {
        "in": 113494,
        "mode": 0,
        "out": 119519,
        "pitch": 0.0
      },
      "Voice 8": {
        "in": 119519,
        "mode": 0,
        "out": 147988,
        "pitch": 0.0
      },
      "Voice 9": {
        "in": 147988,
        "mode": 0,
        "out": 155646,
        "pitch": 0.0
      },
      "sample name": "AnDrums"
      }
    }
  }
}
