{
  "engine": "Wormhole",
  "name": "help",
  "props": {
    "LENGTH": 0.440000534057617,
    "MIX": 0.5,
    "SHAPE": 4000.0,
    "SHIMMER": 0.15999998152256
  }
}
